{"trial_id": "09", "hyperparameters": {"space": [{"class_name": "Choice", "config": {"name": "activation for layer 1", "default": "relu", "conditions": [], "values": ["relu", "tanh"], "ordered": false}}, {"class_name": "Choice", "config": {"name": "activation for layer 2", "default": "relu", "conditions": [], "values": ["relu", "tanh"], "ordered": false}}, {"class_name": "Choice", "config": {"name": "activation for layer 3", "default": "relu", "conditions": [], "values": ["relu", "tanh"], "ordered": false}}, {"class_name": "Choice", "config": {"name": "activation for layer 4", "default": "relu", "conditions": [], "values": ["relu", "tanh"], "ordered": false}}, {"class_name": "Choice", "config": {"name": "activation for layer 5", "default": "relu", "conditions": [], "values": ["relu", "tanh"], "ordered": false}}, {"class_name": "Choice", "config": {"name": "optimizer", "default": "rmsprop", "conditions": [], "values": ["rmsprop", "adam", "sgd"], "ordered": false}}], "values": {"activation for layer 1": "relu", "activation for layer 2": "tanh", "activation for layer 3": "relu", "activation for layer 4": "relu", "activation for layer 5": "relu", "optimizer": "rmsprop"}}, "metrics": {"metrics": {"loss": {"direction": "min", "observations": [{"value": [0.012862619012594223], "step": 3}]}, "val_loss": {"direction": "min", "observations": [{"value": [0.012674790807068348], "step": 3}]}}}, "score": 0.012862619012594223, "best_step": 3, "status": "COMPLETED", "message": null}