{"trial_id": "80", "hyperparameters": {"space": [{"class_name": "Choice", "config": {"name": "activation for layer 1", "default": "relu", "conditions": [], "values": ["relu", "tanh"], "ordered": false}}, {"class_name": "Choice", "config": {"name": "activation for layer 2", "default": "relu", "conditions": [], "values": ["relu", "tanh"], "ordered": false}}, {"class_name": "Choice", "config": {"name": "activation for layer 3", "default": "relu", "conditions": [], "values": ["relu", "tanh"], "ordered": false}}, {"class_name": "Choice", "config": {"name": "activation for layer 4", "default": "relu", "conditions": [], "values": ["relu", "tanh"], "ordered": false}}, {"class_name": "Choice", "config": {"name": "activation for layer 5", "default": "relu", "conditions": [], "values": ["relu", "tanh"], "ordered": false}}, {"class_name": "Choice", "config": {"name": "optimizer", "default": "rmsprop", "conditions": [], "values": ["rmsprop", "adam", "sgd"], "ordered": false}}], "values": {"activation for layer 1": "relu", "activation for layer 2": "relu", "activation for layer 3": "tanh", "activation for layer 4": "tanh", "activation for layer 5": "relu", "optimizer": "adam"}}, "metrics": {"metrics": {"loss": {"direction": "min", "observations": [{"value": [0.012857438065111637], "step": 2}]}, "val_loss": {"direction": "min", "observations": [{"value": [0.012634565122425556], "step": 2}]}}}, "score": 0.012857438065111637, "best_step": 2, "status": "COMPLETED", "message": null}