{"trial_id": "55", "hyperparameters": {"space": [{"class_name": "Choice", "config": {"name": "activation for layer 1", "default": "relu", "conditions": [], "values": ["relu", "tanh"], "ordered": false}}, {"class_name": "Choice", "config": {"name": "activation for layer 2", "default": "relu", "conditions": [], "values": ["relu", "tanh"], "ordered": false}}, {"class_name": "Choice", "config": {"name": "activation for layer 3", "default": "relu", "conditions": [], "values": ["relu", "tanh"], "ordered": false}}, {"class_name": "Choice", "config": {"name": "activation for layer 4", "default": "relu", "conditions": [], "values": ["relu", "tanh"], "ordered": false}}, {"class_name": "Choice", "config": {"name": "activation for layer 5", "default": "relu", "conditions": [], "values": ["relu", "tanh"], "ordered": false}}, {"class_name": "Choice", "config": {"name": "optimizer", "default": "rmsprop", "conditions": [], "values": ["rmsprop", "adam", "sgd"], "ordered": false}}], "values": {"activation for layer 1": "tanh", "activation for layer 2": "tanh", "activation for layer 3": "tanh", "activation for layer 4": "tanh", "activation for layer 5": "relu", "optimizer": "adam"}}, "metrics": {"metrics": {"loss": {"direction": "min", "observations": [{"value": [0.006984366104006767], "step": 9}]}, "val_loss": {"direction": "min", "observations": [{"value": [0.007457072380930185], "step": 9}]}}}, "score": 0.006984366104006767, "best_step": 9, "status": "COMPLETED", "message": null}