{"trial_id": "19", "hyperparameters": {"space": [{"class_name": "Choice", "config": {"name": "activation for layer 1", "default": "relu", "conditions": [], "values": ["relu", "tanh"], "ordered": false}}, {"class_name": "Choice", "config": {"name": "activation for layer 2", "default": "relu", "conditions": [], "values": ["relu", "tanh"], "ordered": false}}, {"class_name": "Choice", "config": {"name": "activation for layer 3", "default": "relu", "conditions": [], "values": ["relu", "tanh"], "ordered": false}}, {"class_name": "Choice", "config": {"name": "activation for layer 4", "default": "relu", "conditions": [], "values": ["relu", "tanh"], "ordered": false}}, {"class_name": "Choice", "config": {"name": "activation for layer 5", "default": "relu", "conditions": [], "values": ["relu", "tanh"], "ordered": false}}, {"class_name": "Choice", "config": {"name": "optimizer", "default": "rmsprop", "conditions": [], "values": ["rmsprop", "adam", "sgd"], "ordered": false}}], "values": {"activation for layer 1": "relu", "activation for layer 2": "relu", "activation for layer 3": "tanh", "activation for layer 4": "tanh", "activation for layer 5": "relu", "optimizer": "rmsprop"}}, "metrics": {"metrics": {"loss": {"direction": "min", "observations": [{"value": [0.012862239964306355], "step": 1}]}, "val_loss": {"direction": "min", "observations": [{"value": [0.012636762112379074], "step": 1}]}}}, "score": 0.012862239964306355, "best_step": 1, "status": "COMPLETED", "message": null}