{"trial_id": "44", "hyperparameters": {"space": [{"class_name": "Choice", "config": {"name": "activation for layer 1", "default": "relu", "conditions": [], "values": ["relu", "tanh"], "ordered": false}}, {"class_name": "Choice", "config": {"name": "activation for layer 2", "default": "relu", "conditions": [], "values": ["relu", "tanh"], "ordered": false}}, {"class_name": "Choice", "config": {"name": "activation for layer 3", "default": "relu", "conditions": [], "values": ["relu", "tanh"], "ordered": false}}, {"class_name": "Choice", "config": {"name": "activation for layer 4", "default": "relu", "conditions": [], "values": ["relu", "tanh"], "ordered": false}}, {"class_name": "Choice", "config": {"name": "activation for layer 5", "default": "relu", "conditions": [], "values": ["relu", "tanh"], "ordered": false}}, {"class_name": "Choice", "config": {"name": "optimizer", "default": "rmsprop", "conditions": [], "values": ["rmsprop", "adam", "sgd"], "ordered": false}}], "values": {"activation for layer 1": "tanh", "activation for layer 2": "relu", "activation for layer 3": "tanh", "activation for layer 4": "tanh", "activation for layer 5": "relu", "optimizer": "rmsprop"}}, "metrics": {"metrics": {"loss": {"direction": "min", "observations": [{"value": [0.012863684445619583], "step": 8}]}, "val_loss": {"direction": "min", "observations": [{"value": [0.012643716298043728], "step": 8}]}}}, "score": 0.012863684445619583, "best_step": 8, "status": "COMPLETED", "message": null}